transaction_id,date,customer_id,age,gender,location,category,subcategory,price_per_unit,quantity,total_amount_aed,has_loyalty_card,card_tier,offer_applied,points_earned,points_redeemed
T20000,2024-10-05,C1123,47,Female,Fujairah,Home,Kitchen,118.29,1,118.29,False,,False,0,0
T20001,2024-05-09,C1306,35,Male,Fujairah,Grocery,Fresh Produce,6.75,1,6.75,True,Silver,False,5,0
T20002,2024-01-25,C1290,32,Male,Fujairah,Electronics,Mobile,588.28,1,488.33,True,Silver,True,476,0
T20003,2024-08-13,C1218,34,Female,Umm Al Quwain,Electronics,Appliance,388.53,1,358.22,True,Silver,True,385,0
T20004,2024-09-22,C1141,43,Male,Ajman,Clothing,Women,303.44,3,909.2,True,Platinum,False,1489,112
T20005,2024-10-06,C1288,26,Female,Ras Al Khaimah,Clothing,Women,48.5,1,45.49,True,Silver,True,48,0
T20006,2024-11-04,C1217,45,Male,Sharjah,Electronics,Appliance,427.14,1,377.34,True,Silver,True,369,0
T20007,2024-06-29,C1318,34,Male,Fujairah,Electronics,Appliance,402.79,1,321.17,True,Gold,True,457,227
T20008,2024-07-05,C1179,29,Female,Ras Al Khaimah,Beauty,Cosmetics,66.29,1,66.29,True,Silver,False,71,0
T20009,2024-03-14,C1067,64,Other,Fujairah,Home,Kitchen,49.83,2,93.67,True,Gold,True,124,0
T20010,2024-07-15,C1307,53,Male,Ras Al Khaimah,Grocery,Fresh Produce,17.2,2,34.4,False,,False,0,0
T20011,2024-11-05,C1233,37,Female,Abu Dhabi,Grocery,Beverages,1.0,1,1.0,True,Silver,False,1,0
T20012,2024-02-09,C1332,27,Female,Ras Al Khaimah,Grocery,Beverages,1.8,1,1.8,True,Silver,False,1,0
T20013,2024-05-07,C1204,26,Female,Dubai,Grocery,Staples,38.7,1,38.7,False,,False,0,0
T20014,2024-01-14,C1123,47,Female,Fujairah,Grocery,Beverages,12.85,1,12.85,False,,False,0,0
T20015,2024-09-12,C1339,16,Male,Abu Dhabi,Beauty,Cosmetics,46.79,2,93.58,True,Silver,False,95,0
T20016,2024-05-13,C1326,25,Male,Ajman,Home,Kitchen,146.97,1,146.97,False,,False,0,0
T20017,2024-04-19,C1216,52,Female,Dubai,Clothing,Women,223.73,1,223.73,False,,False,0,0
T20018,2024-12-21,C1219,34,Female,Ras Al Khaimah,Home,Kitchen,135.61,3,378.21,True,Silver,True,313,0
T20019,2024-12-31,C1220,38,Male,Fujairah,Home,Kitchen,92.09,1,92.09,True,Gold,False,124,0
T20020,2024-06-12,C1236,27,Male,Umm Al Quwain,Electronics,Mobile,1598.74,3,4796.22,False,,False,0,0
T20021,2024-12-29,C1096,42,Male,Sharjah,Grocery,Staples,4.46,2,8.92,True,Silver,False,8,0
T20022,2024-03-21,C1182,45,Female,Umm Al Quwain,Grocery,Beverages,15.69,1,15.69,True,Gold,False,18,0
T20023,2024-04-12,C1323,44,Female,Ras Al Khaimah,Grocery,Beverages,19.3,1,16.9,True,Silver,True,15,0
T20024,2024-08-27,C1080,23,Male,Abu Dhabi,Beauty,Cosmetics,68.7,2,137.4,False,,False,0,0
T20025,2024-03-07,C1285,22,Female,Ajman,Grocery,Staples,1.0,1,0.89,True,Gold,True,1,0
T20026,2024-07-29,C1305,34,Female,Dubai,Electronics,Appliance,269.72,1,269.72,True,Platinum,False,335,0
T20027,2024-11-24,C1199,22,Female,Sharjah,Grocery,Staples,27.69,1,27.69,True,Silver,False,29,0
T20028,2024-10-09,C1242,46,Female,Dubai,Grocery,Beverages,1.0,1,1.0,True,Gold,False,1,0
T20029,2024-01-29,C1257,16,Male,Umm Al Quwain,Grocery,Staples,4.6,1,4.6,False,,False,0,0
T20030,2024-09-22,C1231,46,Female,Fujairah,Grocery,Beverages,8.69,1,8.04,True,Silver,True,9,0
T20031,2024-09-22,C1257,16,Male,Umm Al Quwain,Clothing,Women,202.98,2,405.96,False,,False,0,0
T20032,2024-02-10,C1223,33,Male,Ajman,Clothing,Women,214.49,1,173.0,True,Silver,True,157,0
T20033,2024-11-10,C1169,37,Female,Fujairah,Beauty,Cosmetics,25.8,2,51.6,False,,False,0,0
T20034,2024-02-17,C1336,45,Female,Umm Al Quwain,Beauty,Cosmetics,89.51,3,268.53,False,,False,0,0
T20035,2024-11-24,C1276,19,Male,Umm Al Quwain,Grocery,Beverages,24.12,2,48.24,False,,False,0,0
T20036,2024-10-30,C1137,16,Male,Fujairah,Grocery,Beverages,1.0,2,1.71,True,Gold,True,2,0
T20037,2024-10-15,C1255,41,Other,Umm Al Quwain,Grocery,Fresh Produce,11.95,1,10.4,True,Gold,False,11,155
T20038,2024-11-29,C1099,46,Female,Ras Al Khaimah,Clothing,Men,123.5,1,123.5,True,Silver,False,119,0
T20039,2024-09-11,C1271,35,Male,Ajman,Beauty,Cosmetics,41.25,2,66.54,True,Gold,True,79,0
T20040,2024-12-16,C1152,20,Female,Fujairah,Electronics,Appliance,508.4,3,1432.25,True,Silver,True,1180,0
T20041,2024-09-04,C1040,44,Male,Ras Al Khaimah,Home,Kitchen,91.14,2,156.58,True,Silver,True,144,0
T20042,2024-06-25,C1303,27,Male,Ras Al Khaimah,Electronics,Appliance,731.08,2,1307.78,True,Silver,True,1340,0
T20043,2024-08-26,C1030,39,Male,Fujairah,Grocery,Staples,73.13,1,73.13,False,,False,0,0
T20044,2024-05-16,C1061,25,Male,Fujairah,Home,Kitchen,67.16,1,62.83,True,Silver,True,57,0
T20045,2024-11-11,C1296,41,Male,Ras Al Khaimah,Electronics,Appliance,485.31,1,398.05,True,Gold,True,412,0
T20046,2024-10-22,C1039,21,Male,Ras Al Khaimah,Electronics,Mobile,670.13,1,620.61,True,Silver,True,743,0
T20047,2024-06-06,C1281,46,Female,Umm Al Quwain,Home,Kitchen,43.54,1,43.54,False,,False,0,0
T20048,2024-01-12,C1239,25,Female,Sharjah,Grocery,Staples,25.53,1,25.53,False,,False,0,0
T20049,2024-07-20,C1112,40,Female,Sharjah,Beauty,Cosmetics,30.61,1,30.61,True,Silver,False,27,0
T20050,2024-01-25,C1270,53,Male,Fujairah,Grocery,Fresh Produce,1.0,2,2.0,False,,False,0,0
T20051,2024-05-24,C1127,75,Male,Sharjah,Home,Kitchen,87.99,1,87.99,False,,False,0,0
T20052,2024-11-01,C1315,24,Female,Ajman,Home,Kitchen,117.57,1,117.57,False,,False,0,0
T20053,2024-05-26,C1349,38,Male,Sharjah,Beauty,Cosmetics,28.93,1,28.93,False,,False,0,0
T20054,2024-01-05,C1112,40,Female,Sharjah,Grocery,Staples,39.49,2,78.98,True,Silver,False,91,0
T20055,2024-07-25,C1124,18,Female,Ras Al Khaimah,Electronics,Mobile,1160.07,4,4372.66,True,Silver,True,4480,0
T20056,2024-05-27,C1100,44,Male,Ajman,Grocery,Staples,14.62,1,14.62,False,,False,0,0
T20057,2024-07-16,C1180,45,Male,Ajman,Beauty,Cosmetics,88.81,1,88.81,False,,False,0,0
T20058,2024-08-18,C1336,45,Female,Umm Al Quwain,Beauty,Cosmetics,52.63,1,52.63,False,,False,0,0
T20059,2024-05-23,C1074,42,Female,Abu Dhabi,Grocery,Staples,21.81,4,81.61,True,Silver,True,77,0
T20060,2024-10-12,C1346,29,Male,Fujairah,Electronics,Mobile,419.79,2,839.58,False,,False,0,0
T20061,2024-03-14,C1306,35,Male,Fujairah,Clothing,Men,134.72,1,134.33,True,Silver,False,129,39
T20062,2024-03-11,C1206,25,Female,Abu Dhabi,Electronics,Mobile,351.21,2,702.42,False,,False,0,0
T20063,2024-08-30,C1148,27,Male,Dubai,Beauty,Cosmetics,66.61,1,66.61,False,,False,0,0
T20064,2024-08-21,C1279,22,Female,Sharjah,Grocery,Beverages,13.13,1,13.13,False,,False,0,0
T20065,2024-11-06,C1263,32,Female,Ras Al Khaimah,Beauty,Cosmetics,84.45,2,168.9,False,,False,0,0
T20066,2024-03-12,C1205,46,Female,Umm Al Quwain,Electronics,Mobile,572.15,1,572.15,True,Gold,False,636,0
T20067,2024-11-11,C1205,46,Female,Umm Al Quwain,Clothing,Women,155.76,1,155.76,True,Gold,False,187,0
T20068,2024-09-07,C1192,44,Male,Fujairah,Clothing,Women,100.19,1,100.19,True,Platinum,False,121,0
T20069,2024-02-26,C1326,25,Male,Ajman,Electronics,Appliance,606.31,3,1818.93,False,,False,0,0
T20070,2024-10-25,C1326,25,Male,Ajman,Clothing,Women,178.55,2,357.1,False,,False,0,0
T20071,2024-12-18,C1094,26,Female,Sharjah,Grocery,Fresh Produce,9.71,2,19.42,True,Gold,False,21,0
T20072,2024-10-23,C1013,17,Female,Fujairah,Clothing,Men,51.57,2,103.14,False,,False,0,0
T20073,2024-01-27,C1010,24,Male,Abu Dhabi,Home,Kitchen,117.92,3,353.76,False,,False,0,0
T20074,2024-03-28,C1160,23,Female,Abu Dhabi,Beauty,Cosmetics,46.3,1,46.3,True,Silver,False,48,0
T20075,2024-03-16,C1220,38,Male,Fujairah,Clothing,Men,155.52,1,123.82,True,Gold,True,127,180
T20076,2024-08-02,C1348,39,Male,Fujairah,Grocery,Beverages,7.76,3,23.28,True,Silver,False,20,0
T20077,2024-11-09,C1097,44,Female,Fujairah,Home,Kitchen,122.04,1,122.04,False,,False,0,0
T20078,2024-02-01,C1049,39,Male,Umm Al Quwain,Grocery,Beverages,9.5,1,9.5,True,Gold,False,11,0
T20079,2024-09-01,C1309,32,Female,Fujairah,Beauty,Cosmetics,28.35,1,28.35,False,,False,0,0
T20080,2024-07-11,C1070,20,Male,Sharjah,Electronics,Mobile,470.37,1,470.37,True,Silver,False,462,0
T20081,2024-10-06,C1117,39,Male,Umm Al Quwain,Electronics,Mobile,2148.73,3,6446.19,False,,False,0,0
T20082,2024-12-12,C1221,41,Female,Ajman,Clothing,Women,115.23,1,115.23,False,,False,0,0
T20083,2024-11-08,C1160,23,Female,Abu Dhabi,Home,Kitchen,1.0,1,0.91,True,Silver,True,0,0
T20084,2024-06-01,C1055,46,Female,Abu Dhabi,Clothing,Women,255.73,1,255.73,True,Silver,False,275,0
T20085,2024-09-02,C1099,46,Female,Ras Al Khaimah,Electronics,Mobile,994.54,1,994.54,True,Silver,False,1167,0
T20086,2024-05-27,C1225,37,Male,Sharjah,Grocery,Staples,17.58,2,35.16,True,Gold,False,42,0
T20087,2024-07-21,C1216,52,Female,Dubai,Electronics,Mobile,955.36,3,2866.08,False,,False,0,0
T20088,2024-03-15,C1284,25,Male,Sharjah,Clothing,Women,107.86,1,87.01,True,Gold,True,86,0
T20089,2024-12-01,C1035,24,Female,Umm Al Quwain,Clothing,Women,211.44,2,422.88,False,,False,0,0
T20090,2024-09-02,C1325,27,Female,Ajman,Clothing,Men,105.68,3,275.58,True,Platinum,True,484,0
T20091,2024-03-11,C1039,21,Male,Ras Al Khaimah,Grocery,Staples,19.33,3,57.99,True,Silver,False,60,0
T20092,2024-12-08,C1035,24,Female,Umm Al Quwain,Beauty,Cosmetics,68.09,2,136.18,False,,False,0,0
T20093,2024-04-25,C1152,20,Female,Fujairah,Clothing,Men,75.0,2,132.3,True,Silver,True,144,90
T20094,2024-01-03,C1337,21,Male,Fujairah,Beauty,Cosmetics,19.58,2,39.16,False,,False,0,0
T20095,2024-03-21,C1216,52,Female,Dubai,Electronics,Appliance,147.42,1,147.42,False,,False,0,0
T20096,2024-11-30,C1298,48,Male,Dubai,Home,Kitchen,130.87,2,261.74,False,,False,0,0
T20097,2024-09-01,C1013,17,Female,Fujairah,Clothing,Men,233.9,1,233.9,False,,False,0,0
T20098,2024-05-27,C1307,53,Male,Ras Al Khaimah,Electronics,Mobile,1032.35,1,1032.35,False,,False,0,0
T20099,2024-05-26,C1193,50,Female,Abu Dhabi,Grocery,Fresh Produce,15.02,3,45.06,True,Silver,False,37,0
T20100,2024-09-30,C1292,28,Male,Fujairah,Grocery,Fresh Produce,20.1,1,20.1,True,Gold,False,20,0
T20101,2024-03-31,C1148,27,Male,Dubai,Grocery,Fresh Produce,23.45,2,46.9,False,,False,0,0
T20102,2024-07-22,C1208,39,Female,Ajman,Home,Kitchen,108.83,1,91.16,True,Silver,True,104,0
T20103,2024-01-20,C1099,46,Female,Ras Al Khaimah,Grocery,Fresh Produce,16.76,1,14.41,True,Silver,True,16,0
T20104,2024-08-20,C1044,34,Male,Ajman,Beauty,Cosmetics,1.0,3,3.0,True,Gold,False,4,0
T20105,2024-09-15,C1020,20,Female,Ras Al Khaimah,Home,Kitchen,81.06,1,81.06,False,,False,0,0
T20106,2024-05-19,C1113,24,Male,Fujairah,Clothing,Men,218.7,1,218.7,True,Silver,False,203,0
T20107,2024-11-27,C1274,34,Male,Dubai,Clothing,Women,157.25,1,157.25,False,,False,0,0
T20108,2024-04-05,C1319,24,Other,Ras Al Khaimah,Grocery,Fresh Produce,17.19,2,34.38,False,,False,0,0
T20109,2024-06-21,C1345,39,Male,Dubai,Clothing,Women,62.1,1,62.1,True,Silver,False,68,0
T20110,2024-11-23,C1127,75,Male,Sharjah,Electronics,Appliance,230.39,3,691.17,False,,False,0,0
T20111,2024-08-06,C1178,32,Male,Ajman,Beauty,Cosmetics,99.28,2,198.56,False,,False,0,0
T20112,2024-06-16,C1273,34,Male,Abu Dhabi,Grocery,Staples,64.56,1,64.56,True,Gold,False,64,0
T20113,2024-09-01,C1236,27,Male,Umm Al Quwain,Electronics,Mobile,518.09,1,518.09,False,,False,0,0
T20114,2024-05-07,C1030,39,Male,Fujairah,Grocery,Fresh Produce,19.2,1,19.2,False,,False,0,0
T20115,2024-05-13,C1326,25,Male,Ajman,Electronics,Appliance,1.0,1,1.0,False,,False,0,0
T20116,2024-04-30,C1022,19,Male,Ajman,Home,Kitchen,171.93,1,171.93,False,,False,0,0
T20117,2024-05-16,C1165,52,Female,Dubai,Electronics,Mobile,7.31,1,6.15,True,Gold,True,5,0
T20118,2024-12-20,C1296,41,Male,Ras Al Khaimah,Clothing,Men,79.01,1,73.66,True,Gold,True,81,0
T20119,2024-09-14,C1250,27,Male,Ajman,Clothing,Women,75.32,5,376.6,False,,False,0,0
T20120,2024-12-19,C1244,19,Female,Fujairah,Grocery,Staples,45.48,2,90.96,False,,False,0,0
T20121,2024-11-23,C1168,40,Other,Sharjah,Clothing,Women,124.89,1,124.89,False,,False,0,0
T20122,2024-07-07,C1088,44,Female,Dubai,Clothing,Men,111.33,1,111.33,False,,False,0,0
T20123,2024-04-22,C1013,17,Female,Fujairah,Grocery,Beverages,5.28,3,15.84,False,,False,0,0
T20124,2024-09-01,C1163,54,Male,Umm Al Quwain,Grocery,Beverages,11.27,3,33.81,True,Silver,False,40,0
T20125,2024-12-25,C1245,56,Male,Dubai,Beauty,Cosmetics,15.48,3,46.44,True,Silver,False,51,0
T20126,2024-04-21,C1299,33,Female,Ras Al Khaimah,Clothing,Men,182.57,5,912.85,True,Gold,False,1137,0
T20127,2024-09-26,C1253,22,Female,Ajman,Home,Kitchen,76.77,1,76.77,False,,False,0,0
T20128,2024-09-27,C1139,35,Female,Dubai,Electronics,Mobile,401.69,2,803.38,False,,False,0,0
T20129,2024-02-09,C1127,75,Male,Sharjah,Grocery,Staples,26.54,3,79.62,False,,False,0,0
T20130,2024-02-01,C1105,39,Female,Fujairah,Beauty,Cosmetics,20.84,1,20.84,True,Silver,False,18,0
T20131,2024-03-25,C1269,31,Male,Ras Al Khaimah,Electronics,Mobile,492.26,1,492.26,True,Gold,False,576,0
T20132,2024-10-25,C1124,18,Female,Ras Al Khaimah,Home,Kitchen,128.73,2,224.88,True,Silver,True,252,0
T20133,2024-09-19,C1254,33,Female,Ras Al Khaimah,Electronics,Appliance,473.77,1,473.77,True,Silver,False,389,0
T20134,2024-06-06,C1018,57,Female,Fujairah,Grocery,Fresh Produce,21.19,1,21.19,True,Silver,False,23,0
T20135,2024-10-23,C1093,37,Female,Fujairah,Grocery,Staples,24.64,1,22.13,True,Silver,True,18,0
T20136,2024-02-05,C1047,31,Female,Dubai,Home,Kitchen,131.17,2,233.13,True,Silver,True,258,0
T20137,2024-11-26,C1230,52,Female,Fujairah,Electronics,Appliance,1.0,1,1.0,False,,False,0,0
T20138,2024-07-10,C1228,35,Female,Sharjah,Electronics,Appliance,484.31,1,484.31,False,,False,0,0
T20139,2024-08-17,C1064,38,Other,Dubai,Electronics,Appliance,55.47,1,55.47,True,Silver,False,59,0
T20140,2024-10-03,C1340,41,Female,Umm Al Quwain,Grocery,Beverages,15.2,1,15.2,True,Silver,False,14,0
T20141,2024-10-02,C1147,37,Male,Ajman,Electronics,Appliance,400.15,2,800.3,False,,False,0,0
T20142,2024-09-27,C1297,71,Female,Dubai,Grocery,Beverages,14.99,2,29.98,False,,False,0,0
T20143,2024-04-24,C1165,52,Female,Dubai,Grocery,Fresh Produce,15.16,2,30.32,True,Gold,False,43,0
T20144,2024-10-05,C1186,43,Female,Umm Al Quwain,Electronics,Appliance,1033.88,1,1033.88,True,Gold,False,1401,0
T20145,2024-06-26,C1226,36,Male,Dubai,Grocery,Beverages,14.52,1,14.52,False,,False,0,0
T20146,2024-05-21,C1060,29,Female,Ajman,Clothing,Men,31.33,2,60.32,True,Silver,False,68,234
T20147,2024-11-10,C1280,34,Female,Umm Al Quwain,Grocery,Fresh Produce,26.2,2,52.4,False,,False,0,0
T20148,2024-05-03,C1246,29,Male,Ras Al Khaimah,Clothing,Men,84.84,3,219.12,True,Silver,True,214,0
T20149,2024-01-25,C1098,48,Male,Ras Al Khaimah,Clothing,Men,115.86,3,347.58,True,Silver,False,333,0
T20150,2024-04-21,C1137,16,Male,Fujairah,Grocery,Fresh Produce,17.59,2,28.18,True,Gold,True,30,0
T20151,2024-10-21,C1210,37,Male,Ras Al Khaimah,Electronics,Mobile,841.67,2,1683.34,False,,False,0,0
T20152,2024-10-22,C1223,33,Male,Ajman,Electronics,Mobile,869.67,1,711.88,True,Silver,True,850,0
T20153,2024-07-30,C1319,24,Other,Ras Al Khaimah,Clothing,Women,280.09,1,280.09,False,,False,0,0
T20154,2024-05-20,C1048,16,Male,Abu Dhabi,Grocery,Fresh Produce,22.33,1,22.33,True,Gold,False,27,0
T20155,2024-03-30,C1025,33,Female,Ras Al Khaimah,Electronics,Appliance,255.96,2,511.92,False,,False,0,0
T20156,2024-10-11,C1137,16,Male,Fujairah,Home,Kitchen,197.79,2,355.36,True,Gold,True,450,0
T20157,2024-09-25,C1240,36,Male,Ras Al Khaimah,Electronics,Mobile,1023.57,1,1023.57,True,Gold,False,1183,0
T20158,2024-04-04,C1163,54,Male,Umm Al Quwain,Beauty,Cosmetics,34.77,1,34.77,True,Silver,False,39,0
T20159,2024-12-28,C1133,32,Female,Ras Al Khaimah,Grocery,Beverages,13.4,1,13.4,True,Silver,False,15,0
T20160,2024-08-01,C1299,33,Female,Ras Al Khaimah,Beauty,Cosmetics,12.32,1,12.32,True,Gold,False,14,0
T20161,2024-06-18,C1160,23,Female,Abu Dhabi,Grocery,Staples,24.37,2,47.57,True,Silver,False,55,117
T20162,2024-01-27,C1263,32,Female,Ras Al Khaimah,Clothing,Women,153.37,1,153.37,False,,False,0,0
T20163,2024-07-12,C1301,25,Female,Ras Al Khaimah,Grocery,Fresh Produce,9.45,1,9.45,False,,False,0,0
T20164,2024-02-07,C1112,40,Female,Sharjah,Clothing,Men,96.36,1,96.36,True,Silver,False,99,0
T20165,2024-04-21,C1253,22,Female,Ajman,Home,Kitchen,178.63,1,178.63,False,,False,0,0
T20166,2024-04-16,C1308,41,Female,Abu Dhabi,Electronics,Mobile,456.08,3,1113.27,True,Silver,True,984,0
T20167,2024-03-01,C1054,36,Female,Umm Al Quwain,Home,Kitchen,114.31,2,228.62,False,,False,0,0
T20168,2024-05-04,C1154,56,Male,Ras Al Khaimah,Clothing,Men,285.63,1,285.63,True,Gold,False,307,0
T20169,2024-05-24,C1172,36,Male,Ras Al Khaimah,Electronics,Appliance,414.32,4,1657.28,True,Silver,False,1755,0
T20170,2024-07-03,C1323,44,Female,Ras Al Khaimah,Beauty,Cosmetics,13.6,1,13.6,True,Silver,False,13,0
T20171,2024-08-28,C1136,16,Male,Dubai,Electronics,Mobile,304.84,4,1219.36,True,Platinum,False,1734,0
T20172,2024-10-15,C1123,47,Female,Fujairah,Clothing,Men,149.51,3,448.53,False,,False,0,0
T20173,2024-03-15,C1181,39,Male,Abu Dhabi,Grocery,Fresh Produce,14.54,1,11.77,True,Silver,True,12,0
T20174,2024-03-19,C1088,44,Female,Dubai,Clothing,Men,183.74,1,183.74,False,,False,0,0
T20175,2024-06-17,C1258,50,Female,Sharjah,Clothing,Men,196.68,1,196.68,False,,False,0,0
T20176,2024-07-13,C1059,32,Male,Dubai,Clothing,Men,71.21,1,71.21,True,Silver,False,75,0
T20177,2024-05-11,C1285,22,Female,Ajman,Home,Kitchen,154.25,1,154.25,True,Gold,False,195,0
T20178,2024-03-27,C1321,41,Female,Umm Al Quwain,Electronics,Mobile,508.13,3,1283.46,True,Silver,True,1277,0
T20179,2024-10-04,C1113,24,Male,Fujairah,Grocery,Fresh Produce,26.33,1,25.89,True,Silver,False,29,44
T20180,2024-01-04,C1058,38,Male,Abu Dhabi,Electronics,Appliance,508.84,1,435.26,True,Gold,True,432,0
T20181,2024-04-21,C1098,48,Male,Ras Al Khaimah,Beauty,Cosmetics,72.43,3,217.29,True,Silver,False,179,0
T20182,2024-11-11,C1307,53,Male,Ras Al Khaimah,Home,Kitchen,117.32,1,117.32,False,,False,0,0
T20183,2024-12-03,C1188,50,Male,Dubai,Home,Kitchen,6.62,1,6.62,False,,False,0,0
T20184,2024-01-09,C1203,24,Female,Fujairah,Grocery,Fresh Produce,11.78,2,21.96,True,Silver,False,22,160
T20185,2024-10-01,C1240,36,Male,Ras Al Khaimah,Clothing,Women,49.81,1,41.24,True,Gold,True,52,0
T20186,2024-04-01,C1095,40,Female,Sharjah,Grocery,Staples,28.53,4,114.12,True,Silver,False,115,0
T20187,2024-11-13,C1100,44,Male,Ajman,Beauty,Cosmetics,10.87,2,21.74,False,,False,0,0
T20188,2024-05-09,C1117,39,Male,Umm Al Quwain,Electronics,Mobile,1115.76,1,1115.76,False,,False,0,0
T20189,2024-05-16,C1072,24,Female,Dubai,Electronics,Appliance,881.5,1,881.5,False,,False,0,0
T20190,2024-02-10,C1219,34,Female,Ras Al Khaimah,Electronics,Mobile,939.6,1,939.6,True,Silver,False,924,0
T20191,2024-12-22,C1054,36,Female,Umm Al Quwain,Clothing,Men,113.86,3,341.58,False,,False,0,0
T20192,2024-06-02,C1087,37,Male,Fujairah,Grocery,Staples,44.66,1,44.66,True,Platinum,False,76,0
T20193,2024-02-17,C1154,56,Male,Ras Al Khaimah,Electronics,Appliance,552.75,1,552.51,True,Gold,False,677,24
T20194,2024-12-25,C1235,24,Female,Sharjah,Grocery,Beverages,9.36,2,18.72,False,,False,0,0
T20195,2024-02-12,C1275,16,Female,Ras Al Khaimah,Home,Kitchen,136.2,1,136.2,True,Gold,False,172,0
T20196,2024-02-18,C1208,39,Female,Ajman,Beauty,Cosmetics,32.85,2,65.7,True,Silver,False,58,0
T20197,2024-12-20,C1051,25,Female,Abu Dhabi,Home,Kitchen,138.45,2,224.67,True,Silver,True,241,0
T20198,2024-10-05,C1295,54,Male,Dubai,Grocery,Fresh Produce,28.04,1,23.06,True,Silver,True,18,0
T20199,2024-03-14,C1181,39,Male,Abu Dhabi,Electronics,Appliance,496.82,1,496.82,True,Silver,False,456,0
T20200,2024-10-17,C1016,27,Female,Dubai,Electronics,Appliance,829.71,4,3318.84,False,,False,0,0
T20201,2024-12-12,C1224,43,Other,Umm Al Quwain,Beauty,Cosmetics,1.0,1,0.84,True,Silver,True,0,0
T20202,2024-02-10,C1097,44,Female,Fujairah,Beauty,Cosmetics,32.96,2,65.92,False,,False,0,0
T20203,2024-06-26,C1284,25,Male,Sharjah,Grocery,Fresh Produce,9.43,1,8.63,True,Gold,True,8,0
T20204,2024-11-10,C1219,34,Female,Ras Al Khaimah,Electronics,Appliance,385.87,1,385.87,True,Silver,False,359,0
T20205,2024-08-18,C1124,18,Female,Ras Al Khaimah,Home,Kitchen,38.29,1,33.2,True,Silver,True,31,0
T20206,2024-10-26,C1268,20,Female,Fujairah,Electronics,Appliance,477.28,1,409.13,True,Silver,True,457,0
T20207,2024-02-12,C1326,25,Male,Ajman,Clothing,Women,252.01,1,252.01,False,,False,0,0
T20208,2024-03-19,C1040,44,Male,Ras Al Khaimah,Electronics,Appliance,629.92,3,1889.76,True,Silver,False,1990,0
T20209,2024-06-11,C1200,48,Female,Umm Al Quwain,Electronics,Mobile,745.06,4,2828.91,True,Gold,True,3134,0
T20210,2024-05-18,C1301,25,Female,Ras Al Khaimah,Grocery,Staples,1.0,2,2.0,False,,False,0,0
T20211,2024-03-08,C1079,40,Female,Ras Al Khaimah,Grocery,Staples,28.73,1,28.73,False,,False,0,0
T20212,2024-04-05,C1051,25,Female,Abu Dhabi,Electronics,Appliance,267.44,2,534.88,True,Silver,False,546,0
T20213,2024-01-14,C1238,28,Male,Fujairah,Grocery,Staples,5.59,1,5.59,False,,False,0,0
T20214,2024-06-30,C1255,41,Other,Umm Al Quwain,Beauty,Cosmetics,36.39,1,31.31,True,Gold,True,34,0
T20215,2024-05-29,C1137,16,Male,Fujairah,Electronics,Appliance,125.92,1,125.92,True,Gold,False,126,0
T20216,2024-05-04,C1324,41,Male,Sharjah,Beauty,Cosmetics,37.79,2,75.58,False,,False,0,0
T20217,2024-03-27,C1192,44,Male,Fujairah,Electronics,Appliance,223.54,3,610.04,True,Platinum,True,830,0
T20218,2024-03-26,C1189,27,Female,Dubai,Electronics,Appliance,1.0,1,0.91,True,Silver,True,1,0
T20219,2024-05-06,C1113,24,Male,Fujairah,Home,Kitchen,1.0,2,0.5,True,Silver,False,1,163
T20220,2024-01-04,C1034,46,Female,Dubai,Electronics,Appliance,1.0,1,1.0,False,,False,0,0
T20221,2024-06-19,C1005,41,Male,Ajman,Electronics,Appliance,285.43,1,285.43,True,Silver,False,265,0
T20222,2024-11-29,C1048,16,Male,Abu Dhabi,Grocery,Beverages,21.04,1,18.08,True,Gold,True,23,0
T20223,2024-03-31,C1139,35,Female,Dubai,Electronics,Appliance,111.72,2,223.44,False,,False,0,0
T20224,2024-06-12,C1101,57,Male,Fujairah,Clothing,Women,12.67,1,12.67,True,Gold,False,16,0
T20225,2024-05-04,C1193,50,Female,Abu Dhabi,Electronics,Mobile,207.37,2,414.74,True,Silver,False,467,0
T20226,2024-02-28,C1270,53,Male,Fujairah,Clothing,Men,152.96,1,152.96,False,,False,0,0
T20227,2024-10-30,C1195,38,Female,Ajman,Beauty,Cosmetics,16.43,1,13.72,True,Silver,True,11,0
T20228,2024-12-28,C1217,45,Male,Sharjah,Clothing,Men,148.0,3,444.0,True,Silver,False,406,0
T20229,2024-07-28,C1012,32,Female,Abu Dhabi,Home,Kitchen,37.46,1,33.89,True,Gold,True,36,0
T20230,2024-08-04,C1101,57,Male,Fujairah,Electronics,Appliance,282.62,1,226.49,True,Gold,True,269,0
T20231,2024-09-16,C1011,18,Female,Umm Al Quwain,Electronics,Appliance,200.39,3,601.17,True,Silver,False,671,0
T20232,2024-10-01,C1346,29,Male,Fujairah,Grocery,Staples,5.64,2,11.28,False,,False,0,0
T20233,2024-02-25,C1279,22,Female,Sharjah,Clothing,Men,97.72,4,390.88,False,,False,0,0
T20234,2024-12-02,C1163,54,Male,Umm Al Quwain,Electronics,Mobile,947.77,1,813.28,True,Silver,True,833,0
T20235,2024-11-27,C1095,40,Female,Sharjah,Electronics,Appliance,525.0,1,525.0,True,Silver,False,489,0
T20236,2024-02-24,C1030,39,Male,Fujairah,Grocery,Fresh Produce,17.73,1,17.73,False,,False,0,0
T20237,2024-02-20,C1246,29,Male,Ras Al Khaimah,Clothing,Women,1.0,1,0.84,True,Silver,True,0,0
T20238,2024-04-23,C1051,25,Female,Abu Dhabi,Home,Kitchen,58.95,1,58.95,True,Silver,False,58,0
T20239,2024-12-19,C1331,20,Female,Ras Al Khaimah,Beauty,Cosmetics,73.58,1,73.58,False,,False,0,0
T20240,2024-03-18,C1200,48,Female,Umm Al Quwain,Electronics,Mobile,132.7,3,398.1,True,Gold,False,474,0
T20241,2024-02-13,C1157,16,Female,Abu Dhabi,Grocery,Staples,25.16,1,25.16,True,Silver,False,27,0
T20242,2024-06-24,C1107,35,Male,Umm Al Quwain,Home,Kitchen,33.99,1,33.99,True,Silver,False,34,0
T20243,2024-02-19,C1282,23,Female,Dubai,Home,Kitchen,132.29,1,132.29,False,,False,0,0
T20244,2024-12-22,C1132,44,Male,Dubai,Home,Kitchen,28.43,1,23.78,True,Silver,True,28,195
T20245,2024-11-27,C1280,34,Female,Umm Al Quwain,Grocery,Staples,17.49,1,17.49,False,,False,0,0
T20246,2024-12-12,C1036,31,Male,Ajman,Grocery,Beverages,10.69,2,21.38,True,Silver,False,23,0
T20247,2024-10-09,C1105,39,Female,Fujairah,Grocery,Beverages,22.15,2,39.25,True,Silver,True,38,0
T20248,2024-11-18,C1066,35,Female,Fujairah,Grocery,Beverages,4.61,3,13.83,False,,False,0,0
T20249,2024-04-05,C1314,29,Female,Ajman,Electronics,Appliance,64.89,1,64.89,True,Gold,False,85,0
T20250,2024-08-18,C1312,18,Male,Ajman,Electronics,Appliance,505.77,5,2528.85,True,Silver,False,2735,0
T20251,2024-12-26,C1221,41,Female,Ajman,Grocery,Staples,9.36,1,9.36,False,,False,0,0
T20252,2024-10-22,C1066,35,Female,Fujairah,Grocery,Staples,28.49,1,28.49,False,,False,0,0
T20253,2024-10-01,C1260,53,Male,Sharjah,Grocery,Beverages,8.56,1,5.86,True,Silver,False,7,270
T20254,2024-09-27,C1200,48,Female,Umm Al Quwain,Electronics,Mobile,670.62,1,670.62,True,Gold,False,840,0
T20255,2024-06-27,C1074,42,Female,Abu Dhabi,Electronics,Mobile,1413.31,1,1413.31,True,Silver,False,1479,0
T20256,2024-12-27,C1330,16,Male,Sharjah,Clothing,Women,233.49,2,466.98,True,Silver,False,483,0
T20257,2024-06-09,C1095,40,Female,Sharjah,Grocery,Staples,44.37,1,41.37,True,Silver,True,39,0
T20258,2024-07-17,C1129,46,Male,Ras Al Khaimah,Electronics,Appliance,35.18,1,35.18,False,,False,0,0
T20259,2024-11-01,C1044,34,Male,Ajman,Grocery,Beverages,5.61,1,5.61,True,Gold,False,6,0
T20260,2024-10-02,C1096,42,Male,Sharjah,Grocery,Beverages,15.8,1,15.8,True,Silver,False,15,0
T20261,2024-06-10,C1314,29,Female,Ajman,Home,Kitchen,128.94,1,128.94,True,Gold,False,177,0
T20262,2024-09-05,C1066,35,Female,Fujairah,Grocery,Beverages,1.0,2,2.0,False,,False,0,0
T20263,2024-04-09,C1252,29,Male,Ajman,Electronics,Appliance,428.06,2,856.12,True,Silver,False,857,0
T20264,2024-12-16,C1211,28,Female,Umm Al Quwain,Home,Kitchen,1.0,1,1.0,True,Silver,False,1,0
T20265,2024-02-12,C1195,38,Female,Ajman,Grocery,Fresh Produce,14.14,3,41.07,True,Silver,False,37,135
T20266,2024-10-02,C1091,38,Male,Ras Al Khaimah,Clothing,Women,256.98,2,453.01,True,Gold,True,596,0
T20267,2024-10-08,C1174,60,Male,Umm Al Quwain,Beauty,Cosmetics,18.46,2,36.92,False,,False,0,0
T20268,2024-02-27,C1333,24,Male,Fujairah,Grocery,Staples,17.11,3,51.33,False,,False,0,0
T20269,2024-05-17,C1052,45,Male,Dubai,Beauty,Cosmetics,12.19,1,12.19,True,Platinum,False,17,0
T20270,2024-01-22,C1219,34,Female,Ras Al Khaimah,Home,Kitchen,125.23,1,123.77,True,Silver,False,149,146
T20271,2024-06-01,C1137,16,Male,Fujairah,Grocery,Fresh Produce,11.75,1,11.75,True,Gold,False,13,0
T20272,2024-08-12,C1122,47,Female,Ajman,Grocery,Staples,43.62,1,43.62,False,,False,0,0
T20273,2024-05-01,C1009,22,Female,Umm Al Quwain,Clothing,Men,76.76,2,153.52,True,Gold,False,190,0
T20274,2024-12-29,C1001,42,Male,Fujairah,Electronics,Appliance,556.94,2,1034.92,True,Silver,True,913,0
T20275,2024-01-31,C1065,16,Female,Dubai,Electronics,Mobile,844.5,1,844.5,True,Silver,False,877,0
T20276,2024-12-26,C1021,37,Male,Ras Al Khaimah,Clothing,Women,118.1,1,107.46,True,Platinum,True,184,0
T20277,2024-12-13,C1309,32,Female,Fujairah,Grocery,Staples,24.69,3,74.07,False,,False,0,0
T20278,2024-03-10,C1065,16,Female,Dubai,Electronics,Appliance,476.0,1,476.0,True,Silver,False,569,0
T20279,2024-03-05,C1062,39,Female,Sharjah,Grocery,Beverages,17.09,2,28.82,True,Gold,True,39,0
T20280,2024-12-12,C1245,56,Male,Dubai,Electronics,Appliance,316.24,4,1264.96,True,Silver,False,1304,0
T20281,2024-07-31,C1133,32,Female,Ras Al Khaimah,Electronics,Appliance,307.3,1,307.3,True,Silver,False,323,0
T20282,2024-02-17,C1005,41,Male,Ajman,Electronics,Appliance,627.57,1,627.57,True,Silver,False,571,0
T20283,2024-07-07,C1036,31,Male,Ajman,Home,Kitchen,94.96,1,94.29,True,Silver,False,88,67
T20284,2024-08-22,C1236,27,Male,Umm Al Quwain,Electronics,Mobile,1031.56,3,3094.68,False,,False,0,0
T20285,2024-02-02,C1105,39,Female,Fujairah,Beauty,Cosmetics,30.67,1,30.67,True,Silver,False,36,0
T20286,2024-09-10,C1320,28,Male,Sharjah,Clothing,Women,255.52,1,231.87,True,Silver,True,236,0
T20287,2024-09-05,C1003,53,Male,Fujairah,Electronics,Mobile,1112.62,2,2222.69,True,Silver,False,2458,255
T20288,2024-01-09,C1257,16,Male,Umm Al Quwain,Grocery,Staples,30.2,1,30.2,False,,False,0,0
T20289,2024-03-21,C1216,52,Female,Dubai,Home,Kitchen,60.99,1,60.99,False,,False,0,0
T20290,2024-08-21,C1190,32,Female,Ras Al Khaimah,Grocery,Fresh Produce,19.36,2,38.72,False,,False,0,0
T20291,2024-08-07,C1223,33,Male,Ajman,Clothing,Men,87.97,1,87.97,True,Silver,False,102,0
T20292,2024-06-03,C1058,38,Male,Abu Dhabi,Grocery,Beverages,14.12,1,12.08,True,Gold,False,19,204
T20293,2024-05-08,C1130,42,Male,Fujairah,Grocery,Staples,45.9,1,45.9,False,,False,0,0
T20294,2024-07-09,C1243,24,Female,Sharjah,Grocery,Beverages,7.44,1,6.37,True,Silver,True,6,0
T20295,2024-08-07,C1150,25,Male,Ras Al Khaimah,Grocery,Staples,32.29,1,32.29,True,Silver,False,25,0
T20296,2024-03-08,C1348,39,Male,Fujairah,Clothing,Men,181.14,1,179.19,True,Silver,False,177,195
T20297,2024-03-02,C1301,25,Female,Ras Al Khaimah,Electronics,Appliance,256.28,1,256.28,False,,False,0,0
T20298,2024-12-21,C1033,42,Female,Umm Al Quwain,Grocery,Beverages,2.99,1,2.27,True,Silver,False,2,72
T20299,2024-02-22,C1143,35,Male,Fujairah,Electronics,Mobile,187.67,3,563.01,False,,False,0,0
T20300,2024-07-07,C1032,30,Female,Dubai,Clothing,Women,96.69,1,80.64,True,Silver,True,88,0
T20301,2024-12-12,C1336,45,Female,Umm Al Quwain,Grocery,Beverages,14.57,2,29.14,False,,False,0,0
T20302,2024-02-05,C1185,25,Female,Dubai,Beauty,Cosmetics,18.32,2,36.64,True,Silver,False,38,0
T20303,2024-06-28,C1063,37,Male,Ajman,Clothing,Men,100.06,1,100.06,False,,False,0,0
T20304,2024-11-17,C1051,25,Female,Abu Dhabi,Grocery,Beverages,10.86,4,43.44,True,Silver,False,45,0
T20305,2024-04-21,C1233,37,Female,Abu Dhabi,Grocery,Staples,40.36,3,121.08,True,Silver,False,103,0
T20306,2024-07-15,C1030,39,Male,Fujairah,Electronics,Mobile,886.13,1,886.13,False,,False,0,0
T20307,2024-08-07,C1150,25,Male,Ras Al Khaimah,Electronics,Mobile,573.46,1,573.46,True,Silver,False,515,0
T20308,2024-05-07,C1059,32,Male,Dubai,Beauty,Cosmetics,59.44,1,59.44,True,Silver,False,64,0
T20309,2024-12-19,C1267,47,Male,Abu Dhabi,Grocery,Fresh Produce,14.16,2,28.32,True,Gold,False,36,0
T20310,2024-09-22,C1017,31,Female,Ajman,Beauty,Cosmetics,35.55,3,95.05,True,Platinum,True,150,0
T20311,2024-05-02,C1332,27,Female,Ras Al Khaimah,Home,Kitchen,21.57,1,21.57,True,Silver,False,19,0
T20312,2024-02-06,C1198,60,Male,Dubai,Beauty,Cosmetics,49.0,1,49.0,False,,False,0,0
T20313,2024-01-07,C1217,45,Male,Sharjah,Electronics,Mobile,78.84,1,78.84,True,Silver,False,67,0
T20314,2024-10-18,C1302,17,Female,Dubai,Electronics,Appliance,472.67,1,472.67,False,,False,0,0
T20315,2024-07-06,C1277,43,Female,Sharjah,Beauty,Cosmetics,1.0,3,3.0,True,Silver,False,3,0
T20316,2024-02-07,C1245,56,Male,Dubai,Grocery,Fresh Produce,21.18,1,21.18,True,Silver,False,17,0
T20317,2024-01-31,C1228,35,Female,Sharjah,Electronics,Appliance,357.21,1,357.21,False,,False,0,0
T20318,2024-09-16,C1343,33,Male,Abu Dhabi,Clothing,Women,155.23,2,310.46,False,,False,0,0
T20319,2024-11-17,C1265,51,Male,Ajman,Beauty,Cosmetics,37.85,1,37.85,True,Silver,False,36,0
T20320,2024-11-23,C1022,19,Male,Ajman,Beauty,Cosmetics,5.22,1,5.22,False,,False,0,0
T20321,2024-10-02,C1244,19,Female,Fujairah,Grocery,Beverages,4.86,1,4.86,False,,False,0,0
T20322,2024-05-22,C1069,34,Male,Dubai,Grocery,Staples,27.18,1,27.18,False,,False,0,0
T20323,2024-06-07,C1057,17,Female,Umm Al Quwain,Grocery,Staples,49.67,1,49.67,True,Platinum,False,65,0
T20324,2024-10-01,C1029,47,Female,Ras Al Khaimah,Electronics,Mobile,1144.77,3,3434.31,False,,False,0,0
T20325,2024-07-19,C1094,26,Female,Sharjah,Grocery,Staples,19.1,1,16.89,True,Gold,True,23,0
T20326,2024-05-05,C1334,30,Male,Sharjah,Grocery,Staples,32.25,1,32.25,False,,False,0,0
T20327,2024-08-10,C1279,22,Female,Sharjah,Grocery,Staples,30.71,1,30.71,False,,False,0,0
T20328,2024-08-20,C1133,32,Female,Ras Al Khaimah,Grocery,Fresh Produce,26.03,1,20.93,True,Silver,True,23,90
T20329,2024-12-25,C1008,16,Female,Ajman,Grocery,Fresh Produce,14.26,2,23.02,True,Gold,True,27,0
T20330,2024-05-12,C1151,41,Male,Abu Dhabi,Grocery,Beverages,1.0,1,1.0,True,Gold,False,1,0
T20331,2024-03-01,C1294,51,Female,Umm Al Quwain,Grocery,Fresh Produce,8.93,1,8.93,False,,False,0,0
T20332,2024-06-20,C1300,16,Male,Dubai,Electronics,Appliance,618.16,2,1162.66,True,Silver,True,1261,0
T20333,2024-02-09,C1006,29,Female,Dubai,Home,Kitchen,125.51,1,125.51,True,Silver,False,118,0
T20334,2024-10-17,C1128,41,Male,Umm Al Quwain,Grocery,Beverages,7.86,3,22.79,True,Silver,False,21,79
T20335,2024-04-26,C1132,44,Male,Dubai,Beauty,Cosmetics,33.96,2,53.72,True,Silver,True,44,206
T20336,2024-07-15,C1277,43,Female,Sharjah,Grocery,Beverages,10.02,1,8.08,True,Silver,True,6,0
T20337,2024-12-31,C1129,46,Male,Ras Al Khaimah,Electronics,Appliance,364.93,2,729.86,False,,False,0,0
T20338,2024-04-24,C1267,47,Male,Abu Dhabi,Electronics,Mobile,810.78,2,1317.71,True,Gold,True,1467,0
T20339,2024-10-19,C1028,29,Female,Fujairah,Electronics,Mobile,417.67,1,417.67,False,,False,0,0
T20340,2024-03-02,C1170,27,Male,Abu Dhabi,Beauty,Cosmetics,5.88,1,5.88,False,,False,0,0
T20341,2024-12-10,C1157,16,Female,Abu Dhabi,Grocery,Fresh Produce,1.52,1,1.26,True,Silver,True,1,0
T20342,2024-02-05,C1121,39,Female,Ras Al Khaimah,Home,Kitchen,85.58,3,256.74,True,Silver,False,284,0
T20343,2024-02-14,C1342,36,Male,Ras Al Khaimah,Beauty,Cosmetics,1.0,3,3.0,False,,False,0,0
T20344,2024-08-21,C1075,23,Male,Dubai,Grocery,Fresh Produce,22.81,1,22.81,True,Gold,False,25,0
T20345,2024-11-14,C1073,51,Female,Dubai,Clothing,Men,81.51,1,81.51,True,Silver,False,84,0
T20346,2024-04-10,C1075,23,Male,Dubai,Beauty,Cosmetics,42.43,2,82.57,True,Gold,False,91,229
T20347,2024-01-13,C1217,45,Male,Sharjah,Clothing,Men,126.25,1,126.25,True,Silver,False,133,0
T20348,2024-01-05,C1308,41,Female,Abu Dhabi,Electronics,Mobile,282.33,1,240.38,True,Silver,True,273,0
T20349,2024-02-23,C1293,16,Male,Ajman,Clothing,Men,223.72,3,671.16,True,Silver,False,600,0
T20350,2024-01-31,C1013,17,Female,Fujairah,Grocery,Beverages,1.0,2,2.0,False,,False,0,0
T20351,2024-12-30,C1008,16,Female,Ajman,Clothing,Women,318.55,3,775.81,True,Gold,True,1078,0
T20352,2024-12-24,C1063,37,Male,Ajman,Electronics,Mobile,610.58,1,610.58,False,,False,0,0
T20353,2024-08-22,C1113,24,Male,Fujairah,Grocery,Staples,10.39,2,20.78,True,Silver,False,20,0
T20354,2024-07-20,C1252,29,Male,Ajman,Grocery,Staples,32.36,2,64.72,True,Silver,False,53,0
T20355,2024-03-07,C1323,44,Female,Ras Al Khaimah,Clothing,Men,78.85,1,64.84,True,Silver,True,75,0
T20356,2024-06-16,C1115,37,Male,Abu Dhabi,Electronics,Mobile,999.31,1,999.31,True,Silver,False,892,0
T20357,2024-03-10,C1106,44,Female,Dubai,Grocery,Staples,27.53,1,27.53,False,,False,0,0
T20358,2024-03-20,C1175,16,Female,Ajman,Grocery,Staples,28.28,1,24.89,True,Gold,True,28,0
T20359,2024-04-16,C1169,37,Female,Fujairah,Home,Kitchen,116.76,4,467.04,False,,False,0,0
T20360,2024-06-06,C1182,45,Female,Umm Al Quwain,Home,Kitchen,62.48,1,58.23,True,Gold,True,60,0
T20361,2024-12-26,C1074,42,Female,Abu Dhabi,Grocery,Fresh Produce,14.9,2,24.48,True,Silver,True,21,0
T20362,2024-07-01,C1330,16,Male,Sharjah,Electronics,Appliance,414.35,1,414.35,True,Silver,False,443,0
T20363,2024-03-30,C1330,16,Male,Sharjah,Grocery,Fresh Produce,15.56,2,31.12,True,Silver,False,35,0
T20364,2024-10-08,C1192,44,Male,Fujairah,Clothing,Men,162.48,1,151.87,True,Platinum,True,254,0
T20365,2024-02-01,C1258,50,Female,Sharjah,Clothing,Men,74.63,3,223.89,False,,False,0,0
T20366,2024-03-07,C1188,50,Male,Dubai,Clothing,Men,55.68,1,55.68,False,,False,0,0
T20367,2024-07-24,C1240,36,Male,Ras Al Khaimah,Electronics,Mobile,53.81,1,52.29,True,Gold,False,75,152
T20368,2024-02-08,C1255,41,Other,Umm Al Quwain,Grocery,Fresh Produce,14.51,1,14.51,True,Gold,False,15,0
T20369,2024-03-06,C1046,44,Male,Fujairah,Grocery,Staples,22.92,1,22.92,True,Gold,False,31,0
T20370,2024-01-22,C1273,34,Male,Abu Dhabi,Home,Kitchen,97.27,1,78.92,True,Gold,True,92,0
T20371,2024-09-11,C1315,24,Female,Ajman,Grocery,Fresh Produce,21.78,2,43.56,False,,False,0,0
T20372,2024-07-14,C1095,40,Female,Sharjah,Electronics,Appliance,374.03,1,343.28,True,Silver,True,300,0
T20373,2024-03-17,C1295,54,Male,Dubai,Grocery,Fresh Produce,26.08,4,104.32,True,Silver,False,109,0
T20374,2024-09-12,C1326,25,Male,Ajman,Electronics,Appliance,359.46,2,718.92,False,,False,0,0
T20375,2024-10-08,C1062,39,Female,Sharjah,Home,Kitchen,31.64,1,28.73,True,Gold,True,29,0
T20376,2024-09-26,C1051,25,Female,Abu Dhabi,Clothing,Men,228.8,1,228.8,True,Silver,False,256,0
T20377,2024-07-14,C1270,53,Male,Fujairah,Electronics,Mobile,561.93,1,561.93,False,,False,0,0
T20378,2024-09-02,C1113,24,Male,Fujairah,Beauty,Cosmetics,70.94,3,212.82,True,Silver,False,199,0
T20379,2024-06-13,C1265,51,Male,Ajman,Electronics,Appliance,463.21,1,436.61,True,Silver,True,455,163
T20380,2024-01-30,C1088,44,Female,Dubai,Home,Kitchen,66.39,1,66.39,False,,False,0,0
T20381,2024-09-28,C1131,31,Female,Umm Al Quwain,Electronics,Mobile,996.01,1,996.01,False,,False,0,0
T20382,2024-10-26,C1230,52,Female,Fujairah,Clothing,Men,55.44,1,55.44,False,,False,0,0
T20383,2024-03-22,C1220,38,Male,Fujairah,Grocery,Staples,32.91,1,30.07,True,Gold,True,36,0
T20384,2024-01-29,C1111,32,Male,Abu Dhabi,Clothing,Men,106.84,1,106.84,True,Gold,False,152,0
T20385,2024-03-29,C1145,60,Male,Umm Al Quwain,Grocery,Beverages,10.14,1,9.15,True,Gold,True,12,0
T20386,2024-10-29,C1123,47,Female,Fujairah,Grocery,Fresh Produce,10.75,2,21.5,False,,False,0,0
T20387,2024-12-26,C1075,23,Male,Dubai,Electronics,Mobile,425.94,1,425.94,True,Gold,False,524,0
T20388,2024-04-06,C1247,51,Female,Fujairah,Home,Kitchen,59.08,1,58.6,True,Gold,False,61,48
T20389,2024-04-29,C1253,22,Female,Ajman,Clothing,Men,68.16,1,68.16,False,,False,0,0
T20390,2024-01-11,C1092,26,Male,Umm Al Quwain,Beauty,Cosmetics,66.93,2,133.86,False,,False,0,0
T20391,2024-09-01,C1125,41,Female,Dubai,Grocery,Fresh Produce,9.49,3,28.47,False,,False,0,0
T20392,2024-06-18,C1224,43,Other,Umm Al Quwain,Clothing,Men,179.76,1,179.76,True,Silver,False,168,0
T20393,2024-06-14,C1171,35,Male,Abu Dhabi,Grocery,Fresh Produce,1.0,1,0.86,True,Silver,True,1,0
T20394,2024-09-26,C1336,45,Female,Umm Al Quwain,Electronics,Mobile,155.88,2,311.76,False,,False,0,0
T20395,2024-02-07,C1069,34,Male,Dubai,Electronics,Mobile,1413.26,1,1413.26,False,,False,0,0
T20396,2024-12-26,C1112,40,Female,Sharjah,Electronics,Appliance,383.84,2,767.68,True,Silver,False,717,0
T20397,2024-03-21,C1064,38,Other,Dubai,Electronics,Appliance,276.07,1,276.07,True,Silver,False,326,0
T20398,2024-03-30,C1185,25,Female,Dubai,Beauty,Cosmetics,51.91,1,51.91,True,Silver,False,60,0
T20399,2024-04-24,C1322,36,Female,Sharjah,Grocery,Beverages,15.47,1,15.47,False,,False,0,0
T20400,2024-07-12,C1343,33,Male,Abu Dhabi,Clothing,Women,53.81,2,107.62,False,,False,0,0
T20401,2024-12-18,C1039,21,Male,Ras Al Khaimah,Clothing,Women,71.78,3,181.03,True,Silver,True,213,0
T20402,2024-07-19,C1308,41,Female,Abu Dhabi,Grocery,Fresh Produce,3.9,1,3.52,True,Silver,True,3,0
T20403,2024-11-23,C1148,27,Male,Dubai,Grocery,Staples,12.81,1,12.81,False,,False,0,0
T20404,2024-09-11,C1002,32,Male,Abu Dhabi,Grocery,Beverages,11.67,1,10.95,True,Silver,True,10,0
T20405,2024-11-21,C1248,49,Male,Ajman,Grocery,Staples,62.34,1,62.34,False,,False,0,0
T20406,2024-12-28,C1246,29,Male,Ras Al Khaimah,Electronics,Mobile,1111.72,1,1111.72,True,Silver,False,1007,0
T20407,2024-02-04,C1213,17,Male,Dubai,Electronics,Mobile,1086.45,1,1086.45,False,,False,0,0
T20408,2024-05-11,C1057,17,Female,Umm Al Quwain,Grocery,Staples,44.16,1,44.16,True,Platinum,False,54,0
T20409,2024-08-02,C1299,33,Female,Ras Al Khaimah,Grocery,Beverages,6.74,2,13.48,True,Gold,False,16,0
T20410,2024-10-06,C1027,17,Male,Sharjah,Electronics,Appliance,455.21,2,799.42,True,Silver,True,915,0
T20411,2024-12-17,C1254,33,Female,Ras Al Khaimah,Clothing,Men,59.23,1,55.61,True,Silver,True,63,0
T20412,2024-06-12,C1301,25,Female,Ras Al Khaimah,Clothing,Women,166.46,1,166.46,False,,False,0,0
T20413,2024-02-23,C1334,30,Male,Sharjah,Grocery,Staples,26.69,1,26.69,False,,False,0,0
T20414,2024-06-24,C1239,25,Female,Sharjah,Grocery,Beverages,1.0,2,2.0,False,,False,0,0
T20415,2024-07-11,C1152,20,Female,Fujairah,Grocery,Beverages,2.93,1,2.93,True,Silver,False,2,0
T20416,2024-02-17,C1114,29,Female,Dubai,Electronics,Mobile,293.25,1,293.25,True,Silver,False,306,0
T20417,2024-01-16,C1011,18,Female,Umm Al Quwain,Electronics,Appliance,575.36,1,575.36,True,Silver,False,498,0
T20418,2024-03-21,C1242,46,Female,Dubai,Grocery,Fresh Produce,15.07,3,41.56,True,Gold,True,43,0
T20419,2024-10-03,C1174,60,Male,Umm Al Quwain,Clothing,Women,85.68,4,342.72,False,,False,0,0
T20420,2024-12-04,C1173,54,Female,Fujairah,Clothing,Women,158.39,1,148.19,True,Silver,True,141,0
T20421,2024-09-08,C1339,16,Male,Abu Dhabi,Grocery,Beverages,1.0,1,0.95,True,Silver,True,0,0
T20422,2024-11-16,C1331,20,Female,Ras Al Khaimah,Home,Kitchen,90.2,3,270.6,False,,False,0,0
T20423,2024-04-12,C1148,27,Male,Dubai,Grocery,Staples,16.91,1,16.91,False,,False,0,0
T20424,2024-01-14,C1336,45,Female,Umm Al Quwain,Clothing,Men,155.06,1,155.06,False,,False,0,0
T20425,2024-03-28,C1151,41,Male,Abu Dhabi,Clothing,Women,62.81,1,60.58,True,Gold,False,74,223
T20426,2024-08-29,C1009,22,Female,Umm Al Quwain,Home,Kitchen,117.38,1,117.38,True,Gold,False,127,0
T20427,2024-07-17,C1233,37,Female,Abu Dhabi,Grocery,Beverages,14.09,1,14.09,True,Silver,False,13,0
T20428,2024-01-23,C1055,46,Female,Abu Dhabi,Clothing,Women,59.25,1,59.25,True,Silver,False,53,0
T20429,2024-10-15,C1268,20,Female,Fujairah,Grocery,Fresh Produce,13.1,2,22.15,True,Silver,True,18,0
T20430,2024-10-04,C1083,44,Male,Umm Al Quwain,Electronics,Appliance,692.66,1,692.66,False,,False,0,0
T20431,2024-10-28,C1325,27,Female,Ajman,Clothing,Men,168.39,1,168.39,True,Platinum,False,287,0
T20432,2024-08-02,C1248,49,Male,Ajman,Beauty,Cosmetics,39.36,1,39.36,False,,False,0,0
T20433,2024-12-17,C1205,46,Female,Umm Al Quwain,Home,Kitchen,133.26,1,133.26,True,Gold,False,143,0
T20434,2024-07-21,C1212,37,Female,Umm Al Quwain,Grocery,Fresh Produce,8.09,2,16.18,False,,False,0,0
T20435,2024-09-14,C1019,22,Female,Fujairah,Beauty,Cosmetics,78.3,1,78.3,True,Silver,False,83,0
T20436,2024-03-02,C1090,41,Male,Umm Al Quwain,Home,Kitchen,45.38,3,109.23,True,Platinum,True,194,0
T20437,2024-03-05,C1199,22,Female,Sharjah,Grocery,Fresh Produce,1.0,1,1.0,True,Silver,False,1,0
T20438,2024-11-17,C1062,39,Female,Sharjah,Grocery,Beverages,11.97,1,11.97,True,Gold,False,12,0
T20439,2024-02-04,C1013,17,Female,Fujairah,Grocery,Staples,57.27,2,114.54,False,,False,0,0
T20440,2024-07-17,C1025,33,Female,Ras Al Khaimah,Beauty,Cosmetics,55.9,2,111.8,False,,False,0,0
T20441,2024-07-22,C1082,25,Male,Fujairah,Beauty,Cosmetics,28.8,1,26.17,True,Gold,True,30,0
T20442,2024-12-24,C1169,37,Female,Fujairah,Beauty,Cosmetics,31.07,1,31.07,False,,False,0,0
T20443,2024-08-02,C1325,27,Female,Ajman,Grocery,Staples,1.34,1,1.34,True,Platinum,False,1,0
T20444,2024-02-21,C1185,25,Female,Dubai,Grocery,Staples,55.86,1,55.86,True,Silver,False,46,0
T20445,2024-10-01,C1215,32,Female,Umm Al Quwain,Electronics,Mobile,1925.34,3,5776.02,True,Gold,False,6277,0
T20446,2024-10-19,C1001,42,Male,Fujairah,Home,Kitchen,64.01,1,58.17,True,Silver,True,49,0
T20447,2024-12-21,C1337,21,Male,Fujairah,Electronics,Appliance,92.13,1,92.13,False,,False,0,0
T20448,2024-01-20,C1045,16,Male,Ajman,Electronics,Appliance,762.46,4,3049.84,False,,False,0,0
T20449,2024-06-18,C1105,39,Female,Fujairah,Clothing,Men,128.34,1,112.77,True,Silver,True,102,0
T20450,2024-06-21,C1231,46,Female,Fujairah,Clothing,Women,231.37,1,190.55,True,Silver,True,217,0
T20451,2024-04-26,C1005,41,Male,Ajman,Grocery,Beverages,8.58,1,7.19,True,Silver,True,7,0
T20452,2024-08-01,C1175,16,Female,Ajman,Grocery,Staples,11.62,2,21.34,True,Gold,True,28,0
T20453,2024-09-21,C1054,36,Female,Umm Al Quwain,Electronics,Mobile,1202.7,1,1202.7,False,,False,0,0
T20454,2024-01-29,C1148,27,Male,Dubai,Beauty,Cosmetics,1.0,1,1.0,False,,False,0,0
T20455,2024-03-22,C1108,31,Female,Dubai,Grocery,Staples,38.95,3,102.12,True,Silver,True,87,0
T20456,2024-10-18,C1096,42,Male,Sharjah,Grocery,Fresh Produce,9.01,1,7.02,True,Silver,True,6,36
T20457,2024-08-21,C1144,27,Male,Umm Al Quwain,Grocery,Fresh Produce,20.95,2,41.9,False,,False,0,0
T20458,2024-07-03,C1215,32,Female,Umm Al Quwain,Clothing,Men,267.52,1,221.1,True,Gold,True,265,0
T20459,2024-03-04,C1041,34,Male,Fujairah,Grocery,Fresh Produce,4.41,1,3.87,True,Platinum,True,5,0
T20460,2024-08-30,C1095,40,Female,Sharjah,Beauty,Cosmetics,17.28,2,31.98,True,Silver,True,37,0
T20461,2024-12-18,C1067,64,Other,Fujairah,Grocery,Staples,9.29,1,8.29,True,Gold,True,8,0
T20462,2024-04-19,C1040,44,Male,Ras Al Khaimah,Clothing,Men,154.48,3,463.44,True,Silver,False,496,0
T20463,2024-07-28,C1260,53,Male,Sharjah,Beauty,Cosmetics,77.42,2,128.1,True,Silver,True,142,87
T20464,2024-11-27,C1281,46,Female,Umm Al Quwain,Grocery,Beverages,11.73,1,11.73,False,,False,0,0
T20465,2024-11-03,C1258,50,Female,Sharjah,Grocery,Fresh Produce,1.39,1,1.39,False,,False,0,0
T20466,2024-04-24,C1088,44,Female,Dubai,Clothing,Women,74.36,2,148.72,False,,False,0,0
T20467,2024-11-07,C1307,53,Male,Ras Al Khaimah,Clothing,Women,43.21,1,43.21,False,,False,0,0
T20468,2024-12-30,C1173,54,Female,Fujairah,Clothing,Women,42.42,1,42.42,True,Silver,False,40,0
T20469,2024-05-09,C1205,46,Female,Umm Al Quwain,Clothing,Men,147.61,1,147.61,True,Gold,False,189,0
T20470,2024-07-22,C1197,25,Male,Ras Al Khaimah,Grocery,Staples,14.34,1,14.34,False,,False,0,0
T20471,2024-01-04,C1031,16,Male,Umm Al Quwain,Beauty,Cosmetics,77.18,4,308.72,True,Gold,False,439,0
T20472,2024-10-14,C1033,42,Female,Umm Al Quwain,Clothing,Women,195.71,2,365.5,True,Silver,True,301,0
T20473,2024-11-23,C1030,39,Male,Fujairah,Electronics,Mobile,670.02,2,1340.04,False,,False,0,0
T20474,2024-05-21,C1198,60,Male,Dubai,Clothing,Women,70.07,1,70.07,False,,False,0,0
T20475,2024-12-01,C1054,36,Female,Umm Al Quwain,Clothing,Women,134.42,3,403.26,False,,False,0,0
T20476,2024-04-06,C1011,18,Female,Umm Al Quwain,Grocery,Beverages,8.85,1,6.59,True,Silver,False,7,226
T20477,2024-12-04,C1211,28,Female,Umm Al Quwain,Electronics,Mobile,629.76,3,1889.28,True,Silver,False,2056,0
T20478,2024-05-31,C1022,19,Male,Ajman,Clothing,Women,157.71,2,315.42,False,,False,0,0
T20479,2024-08-02,C1120,21,Female,Ajman,Electronics,Appliance,312.62,1,312.62,False,,False,0,0
T20480,2024-07-17,C1199,22,Female,Sharjah,Grocery,Fresh Produce,13.63,3,40.89,True,Silver,False,48,0
T20481,2024-06-24,C1321,41,Female,Umm Al Quwain,Clothing,Men,90.93,1,90.93,True,Silver,False,95,0
T20482,2024-12-09,C1186,43,Female,Umm Al Quwain,Electronics,Mobile,1092.0,1,1092.0,True,Gold,False,1491,0
T20483,2024-10-12,C1119,35,Male,Umm Al Quwain,Grocery,Beverages,16.16,4,64.64,False,,False,0,0
T20484,2024-05-30,C1060,29,Female,Ajman,Grocery,Staples,31.04,1,31.04,True,Silver,False,34,0
T20485,2024-10-13,C1046,44,Male,Fujairah,Grocery,Beverages,20.59,1,20.59,True,Gold,False,28,0
T20486,2024-04-23,C1014,28,Male,Fujairah,Electronics,Mobile,1166.77,1,955.92,True,Silver,True,925,0
T20487,2024-07-09,C1322,36,Female,Sharjah,Clothing,Women,58.65,3,175.95,False,,False,0,0
T20488,2024-10-26,C1207,31,Male,Ras Al Khaimah,Clothing,Women,159.23,1,159.23,False,,False,0,0
T20489,2024-08-25,C1116,37,Male,Dubai,Grocery,Staples,33.98,5,169.9,False,,False,0,0
T20490,2024-08-28,C1273,34,Male,Abu Dhabi,Grocery,Fresh Produce,22.0,4,88.0,True,Gold,False,109,0
T20491,2024-02-06,C1139,35,Female,Dubai,Home,Kitchen,9.68,1,9.68,False,,False,0,0
T20492,2024-04-09,C1144,27,Male,Umm Al Quwain,Beauty,Cosmetics,58.64,1,58.64,False,,False,0,0
T20493,2024-03-02,C1020,20,Female,Ras Al Khaimah,Electronics,Appliance,557.62,1,557.62,False,,False,0,0
T20494,2024-09-28,C1125,41,Female,Dubai,Clothing,Women,110.88,2,221.76,False,,False,0,0
T20495,2024-07-30,C1038,29,Female,Fujairah,Grocery,Fresh Produce,6.41,4,25.64,True,Gold,False,26,0
T20496,2024-06-24,C1349,38,Male,Sharjah,Electronics,Appliance,139.95,1,139.95,False,,False,0,0
T20497,2024-10-18,C1061,25,Male,Fujairah,Home,Kitchen,80.61,3,196.56,True,Silver,True,173,190
T20498,2024-11-19,C1243,24,Female,Sharjah,Grocery,Beverages,3.89,4,14.65,True,Silver,True,14,0
T20499,2024-03-27,C1322,36,Female,Sharjah,Grocery,Beverages,1.0,2,2.0,False,,False,0,0
T20500,2024-09-07,C1094,26,Female,Sharjah,Grocery,Staples,70.81,1,62.66,True,Gold,True,73,0
T20501,2024-09-01,C1305,34,Female,Dubai,Electronics,Appliance,398.79,3,1040.76,True,Platinum,True,1705,0
T20502,2024-06-13,C1321,41,Female,Umm Al Quwain,Beauty,Cosmetics,84.68,1,71.85,True,Silver,True,75,0
T20503,2024-12-21,C1122,47,Female,Ajman,Electronics,Mobile,525.93,1,525.93,False,,False,0,0
T20504,2024-06-08,C1172,36,Male,Ras Al Khaimah,Grocery,Beverages,8.34,1,6.86,True,Silver,True,6,43
T20505,2024-06-01,C1212,37,Female,Umm Al Quwain,Clothing,Women,124.63,1,124.63,False,,False,0,0
T20506,2024-08-21,C1031,16,Male,Umm Al Quwain,Beauty,Cosmetics,51.72,1,51.72,True,Gold,False,58,0
T20507,2024-03-09,C1081,53,Male,Fujairah,Electronics,Mobile,776.83,1,776.83,False,,False,0,0
T20508,2024-09-07,C1084,20,Male,Umm Al Quwain,Electronics,Mobile,1.0,1,1.0,True,Gold,False,1,0
T20509,2024-07-25,C1066,35,Female,Fujairah,Grocery,Fresh Produce,25.3,2,50.6,False,,False,0,0
T20510,2024-04-26,C1259,38,Female,Umm Al Quwain,Clothing,Men,256.98,2,513.96,True,Gold,False,525,0
T20511,2024-10-28,C1274,34,Male,Dubai,Beauty,Cosmetics,67.8,1,67.8,False,,False,0,0
T20512,2024-03-27,C1132,44,Male,Dubai,Grocery,Staples,57.72,1,56.22,True,Silver,False,61,150
T20513,2024-09-30,C1056,31,Female,Dubai,Grocery,Fresh Produce,17.89,2,35.48,True,Silver,False,29,30
T20514,2024-01-25,C1225,37,Male,Sharjah,Grocery,Staples,23.72,2,47.44,True,Gold,False,54,0
T20515,2024-08-30,C1293,16,Male,Ajman,Grocery,Beverages,24.48,3,62.21,True,Silver,True,49,0
T20516,2024-02-21,C1289,33,Male,Ras Al Khaimah,Beauty,Cosmetics,23.64,1,23.64,False,,False,0,0
T20517,2024-05-18,C1347,29,Male,Sharjah,Grocery,Beverages,2.7,1,2.7,False,,False,0,0
T20518,2024-08-02,C1041,34,Male,Fujairah,Grocery,Staples,13.28,3,39.84,True,Platinum,False,62,0
T20519,2024-02-24,C1335,47,Female,Umm Al Quwain,Home,Kitchen,75.11,1,69.1,True,Silver,True,62,0
T20520,2024-04-13,C1073,51,Female,Dubai,Electronics,Mobile,302.89,1,302.28,True,Silver,False,278,61
T20521,2024-04-16,C1266,43,Female,Ajman,Home,Kitchen,93.67,3,281.01,False,,False,0,0
T20522,2024-06-18,C1214,18,Female,Abu Dhabi,Clothing,Men,1.0,1,0.85,True,Silver,True,0,0
T20523,2024-12-08,C1025,33,Female,Ras Al Khaimah,Home,Kitchen,67.74,1,67.74,False,,False,0,0
T20524,2024-03-17,C1124,18,Female,Ras Al Khaimah,Grocery,Staples,30.48,1,30.48,True,Silver,False,25,0
T20525,2024-05-11,C1272,18,Male,Fujairah,Clothing,Men,127.09,2,254.18,True,Silver,False,302,0
T20526,2024-01-26,C1089,20,Male,Ras Al Khaimah,Grocery,Staples,11.1,1,11.1,True,Silver,False,12,0
T20527,2024-07-03,C1025,33,Female,Ras Al Khaimah,Electronics,Mobile,221.52,1,221.52,False,,False,0,0
T20528,2024-08-06,C1131,31,Female,Umm Al Quwain,Grocery,Staples,1.2,1,1.2,False,,False,0,0
T20529,2024-02-18,C1114,29,Female,Dubai,Grocery,Fresh Produce,20.75,2,38.56,True,Silver,True,40,0
T20530,2024-08-12,C1073,51,Female,Dubai,Clothing,Women,50.02,1,50.02,True,Silver,False,41,0
T20531,2024-04-03,C1346,29,Male,Fujairah,Grocery,Staples,1.0,1,1.0,False,,False,0,0
T20532,2024-07-24,C1019,22,Female,Fujairah,Electronics,Appliance,428.76,1,428.76,True,Silver,False,389,0
T20533,2024-09-01,C1070,20,Male,Sharjah,Electronics,Appliance,177.59,1,177.09,True,Silver,False,198,50
T20534,2024-03-22,C1228,35,Female,Sharjah,Grocery,Staples,55.8,1,55.8,False,,False,0,0
T20535,2024-08-01,C1086,16,Male,Sharjah,Home,Kitchen,142.46,1,142.46,False,,False,0,0
T20536,2024-10-18,C1165,52,Female,Dubai,Home,Kitchen,98.94,1,87.5,True,Gold,True,100,86
T20537,2024-09-04,C1349,38,Male,Sharjah,Home,Kitchen,27.44,1,27.44,False,,False,0,0
T20538,2024-02-27,C1099,46,Female,Ras Al Khaimah,Electronics,Appliance,545.02,2,1090.04,True,Silver,False,899,0
T20539,2024-01-07,C1256,21,Female,Ras Al Khaimah,Beauty,Cosmetics,93.5,4,374.0,False,,False,0,0
T20540,2024-10-22,C1076,36,Female,Abu Dhabi,Clothing,Men,112.08,2,224.16,True,Silver,False,239,0
T20541,2024-09-24,C1299,33,Female,Ras Al Khaimah,Grocery,Staples,33.1,1,33.1,True,Gold,False,43,0
T20542,2024-12-05,C1013,17,Female,Fujairah,Electronics,Appliance,1.0,2,2.0,False,,False,0,0
T20543,2024-03-17,C1306,35,Male,Fujairah,Beauty,Cosmetics,1.0,1,0.5,True,Silver,False,1,100
T20544,2024-09-15,C1317,38,Male,Umm Al Quwain,Home,Kitchen,276.53,1,276.53,False,,False,0,0
T20545,2024-09-10,C1196,36,Female,Ajman,Grocery,Beverages,5.52,1,4.84,True,Silver,True,4,0
T20546,2024-01-26,C1050,28,Female,Dubai,Beauty,Cosmetics,45.55,1,45.55,False,,False,0,0
T20547,2024-04-24,C1175,16,Female,Ajman,Beauty,Cosmetics,19.16,1,19.16,True,Gold,False,22,0
T20548,2024-08-23,C1044,34,Male,Ajman,Home,Kitchen,1.0,2,2.0,True,Gold,False,2,0
T20549,2024-08-16,C1168,40,Other,Sharjah,Electronics,Mobile,305.38,1,305.38,False,,False,0,0
T20550,2024-03-01,C1020,20,Female,Ras Al Khaimah,Home,Kitchen,123.47,2,246.94,False,,False,0,0
T20551,2024-11-30,C1237,16,Male,Dubai,Grocery,Fresh Produce,19.31,1,19.31,False,,False,0,0
T20552,2024-02-22,C1025,33,Female,Ras Al Khaimah,Electronics,Appliance,351.36,1,351.36,False,,False,0,0
T20553,2024-07-30,C1000,40,Female,Dubai,Grocery,Fresh Produce,15.44,3,44.57,True,Silver,False,37,175
T20554,2024-09-17,C1282,23,Female,Dubai,Beauty,Cosmetics,30.33,1,30.33,False,,False,0,0
T20555,2024-04-15,C1180,45,Male,Ajman,Home,Kitchen,147.0,2,294.0,False,,False,0,0
T20556,2024-06-23,C1267,47,Male,Abu Dhabi,Electronics,Mobile,209.41,1,209.41,True,Gold,False,283,0
T20557,2024-06-18,C1131,31,Female,Umm Al Quwain,Beauty,Cosmetics,73.46,1,73.46,False,,False,0,0
T20558,2024-11-13,C1162,31,Male,Ajman,Home,Kitchen,45.9,1,45.9,True,Platinum,False,65,0
T20559,2024-02-19,C1233,37,Female,Abu Dhabi,Clothing,Men,82.07,1,73.59,True,Silver,True,77,0
T20560,2024-10-07,C1032,30,Female,Dubai,Beauty,Cosmetics,52.7,2,105.4,True,Silver,False,88,0
T20561,2024-09-09,C1016,27,Female,Dubai,Grocery,Beverages,19.16,1,19.16,False,,False,0,0
T20562,2024-07-28,C1280,34,Female,Umm Al Quwain,Grocery,Staples,12.86,1,12.86,False,,False,0,0
T20563,2024-05-10,C1118,24,Male,Umm Al Quwain,Clothing,Men,150.56,1,122.02,True,Silver,True,116,0
T20564,2024-04-07,C1009,22,Female,Umm Al Quwain,Electronics,Mobile,968.63,1,859.98,True,Gold,True,1208,0
T20565,2024-10-28,C1267,47,Male,Abu Dhabi,Grocery,Staples,30.43,3,91.29,True,Gold,False,107,0
T20566,2024-09-15,C1166,48,Female,Umm Al Quwain,Grocery,Beverages,7.35,1,7.35,True,Silver,False,5,0
T20567,2024-10-10,C1293,16,Male,Ajman,Electronics,Appliance,365.32,1,365.32,True,Silver,False,362,0
T20568,2024-03-31,C1206,25,Female,Abu Dhabi,Grocery,Beverages,13.56,1,13.56,False,,False,0,0
T20569,2024-03-06,C1327,16,Female,Umm Al Quwain,Grocery,Staples,48.67,5,243.35,True,Gold,False,303,0
T20570,2024-09-15,C1069,34,Male,Dubai,Electronics,Appliance,86.41,1,86.41,False,,False,0,0
T20571,2024-08-02,C1032,30,Female,Dubai,Clothing,Men,249.54,1,200.99,True,Silver,True,238,0
T20572,2024-03-09,C1349,38,Male,Sharjah,Grocery,Beverages,14.09,1,14.09,False,,False,0,0
T20573,2024-07-30,C1201,42,Female,Ajman,Beauty,Cosmetics,7.18,2,12.13,True,Silver,True,13,0
T20574,2024-10-10,C1199,22,Female,Sharjah,Clothing,Men,171.1,3,439.58,True,Silver,True,402,0
T20575,2024-12-10,C1197,25,Male,Ras Al Khaimah,Grocery,Beverages,18.4,1,18.4,False,,False,0,0
T20576,2024-12-29,C1066,35,Female,Fujairah,Grocery,Beverages,9.17,2,18.34,False,,False,0,0
T20577,2024-09-14,C1297,71,Female,Dubai,Beauty,Cosmetics,38.0,1,38.0,False,,False,0,0
T20578,2024-12-21,C1159,40,Female,Sharjah,Electronics,Mobile,945.5,2,1891.0,True,Silver,False,2088,0
T20579,2024-10-25,C1171,35,Male,Abu Dhabi,Electronics,Appliance,8.68,1,8.68,True,Silver,False,10,0
T20580,2024-08-04,C1259,38,Female,Umm Al Quwain,Grocery,Fresh Produce,26.93,1,26.93,True,Gold,False,26,0
T20581,2024-12-09,C1182,45,Female,Umm Al Quwain,Grocery,Fresh Produce,21.17,1,17.73,True,Gold,True,18,0
T20582,2024-05-08,C1131,31,Female,Umm Al Quwain,Grocery,Beverages,5.28,1,5.28,False,,False,0,0
T20583,2024-02-01,C1014,28,Male,Fujairah,Clothing,Women,185.66,1,161.31,True,Silver,True,152,0
T20584,2024-11-11,C1281,46,Female,Umm Al Quwain,Beauty,Cosmetics,55.98,1,55.98,False,,False,0,0
T20585,2024-04-24,C1197,25,Male,Ras Al Khaimah,Beauty,Cosmetics,91.95,1,91.95,False,,False,0,0
T20586,2024-07-18,C1026,31,Male,Ras Al Khaimah,Clothing,Men,27.77,1,27.77,False,,False,0,0
T20587,2024-09-18,C1150,25,Male,Ras Al Khaimah,Clothing,Women,33.47,1,33.47,True,Silver,False,27,0
T20588,2024-08-01,C1248,49,Male,Ajman,Electronics,Mobile,269.64,1,269.64,False,,False,0,0
T20589,2024-10-09,C1084,20,Male,Umm Al Quwain,Grocery,Fresh Produce,20.83,1,19.0,True,Gold,True,23,0
T20590,2024-08-14,C1062,39,Female,Sharjah,Clothing,Men,217.89,1,217.89,True,Gold,False,282,0
T20591,2024-10-28,C1126,41,Male,Ajman,Beauty,Cosmetics,26.38,1,26.38,True,Silver,False,23,0
T20592,2024-04-09,C1190,32,Female,Ras Al Khaimah,Clothing,Women,139.4,1,139.4,False,,False,0,0
T20593,2024-08-17,C1234,25,Female,Ras Al Khaimah,Grocery,Beverages,14.88,2,29.76,False,,False,0,0
T20594,2024-12-15,C1108,31,Female,Dubai,Grocery,Staples,40.28,1,37.22,True,Silver,True,37,0
T20595,2024-08-07,C1224,43,Other,Umm Al Quwain,Clothing,Women,147.34,1,147.34,True,Silver,False,125,0
T20596,2024-05-10,C1134,35,Male,Ras Al Khaimah,Grocery,Fresh Produce,19.11,1,19.11,False,,False,0,0
T20597,2024-06-18,C1328,35,Female,Dubai,Home,Kitchen,1.0,1,1.0,True,Platinum,False,1,0
T20598,2024-06-14,C1225,37,Male,Sharjah,Grocery,Fresh Produce,8.57,1,8.57,True,Gold,False,10,0
T20599,2024-06-03,C1124,18,Female,Ras Al Khaimah,Home,Kitchen,42.01,1,40.19,True,Silver,False,42,182
T20600,2024-09-26,C1256,21,Female,Ras Al Khaimah,Clothing,Men,169.7,1,169.7,False,,False,0,0
T20601,2024-04-04,C1237,16,Male,Dubai,Beauty,Cosmetics,62.76,1,62.76,False,,False,0,0
T20602,2024-02-04,C1297,71,Female,Dubai,Beauty,Cosmetics,85.24,1,85.24,False,,False,0,0
T20603,2024-03-22,C1090,41,Male,Umm Al Quwain,Electronics,Appliance,377.33,1,377.33,True,Platinum,False,544,0
T20604,2024-04-19,C1289,33,Male,Ras Al Khaimah,Electronics,Mobile,967.47,1,967.47,False,,False,0,0
T20605,2024-06-18,C1123,47,Female,Fujairah,Electronics,Mobile,1291.43,1,1291.43,False,,False,0,0
T20606,2024-05-30,C1316,35,Male,Ajman,Clothing,Men,60.2,1,60.2,True,Silver,False,63,0
T20607,2024-10-14,C1177,27,Male,Fujairah,Grocery,Fresh Produce,14.52,1,14.52,False,,False,0,0
T20608,2024-02-28,C1300,16,Male,Dubai,Electronics,Mobile,1484.79,2,2969.58,True,Silver,False,3450,0
T20609,2024-11-14,C1051,25,Female,Abu Dhabi,Clothing,Men,95.26,1,95.26,True,Silver,False,102,0
T20610,2024-02-28,C1105,39,Female,Fujairah,Electronics,Appliance,514.82,1,433.17,True,Silver,True,350,0
T20611,2024-07-10,C1202,34,Female,Ajman,Beauty,Cosmetics,46.9,1,46.9,False,,False,0,0
T20612,2024-09-17,C1259,38,Female,Umm Al Quwain,Home,Kitchen,109.94,1,109.94,True,Gold,False,121,0
T20613,2024-06-13,C1329,24,Male,Umm Al Quwain,Beauty,Cosmetics,70.07,1,65.56,True,Platinum,True,116,0
T20614,2024-09-30,C1276,19,Male,Umm Al Quwain,Grocery,Fresh Produce,20.02,1,20.02,False,,False,0,0
T20615,2024-11-16,C1000,40,Female,Dubai,Grocery,Staples,41.57,5,177.83,True,Silver,True,157,0
T20616,2024-02-23,C1336,45,Female,Umm Al Quwain,Clothing,Men,43.25,1,43.25,False,,False,0,0
T20617,2024-10-02,C1185,25,Female,Dubai,Electronics,Appliance,373.06,2,746.12,True,Silver,False,877,0
T20618,2024-03-19,C1322,36,Female,Sharjah,Grocery,Fresh Produce,12.34,1,12.34,False,,False,0,0
T20619,2024-08-23,C1206,25,Female,Abu Dhabi,Electronics,Mobile,684.58,1,684.58,False,,False,0,0
T20620,2024-01-20,C1277,43,Female,Sharjah,Grocery,Staples,47.14,1,42.16,True,Silver,True,39,136
T20621,2024-05-12,C1184,42,Male,Ras Al Khaimah,Electronics,Appliance,494.37,1,494.37,False,,False,0,0
T20622,2024-07-17,C1183,44,Male,Ras Al Khaimah,Home,Kitchen,57.39,1,57.39,False,,False,0,0
T20623,2024-11-18,C1236,27,Male,Umm Al Quwain,Electronics,Appliance,582.26,1,582.26,False,,False,0,0
T20624,2024-08-09,C1078,35,Male,Abu Dhabi,Electronics,Mobile,1543.99,2,2621.71,True,Silver,True,2658,0
T20625,2024-11-12,C1036,31,Male,Ajman,Grocery,Staples,27.35,1,27.35,True,Silver,False,28,0
T20626,2024-02-07,C1094,26,Female,Sharjah,Electronics,Mobile,1252.84,1,1252.84,True,Gold,False,1266,0
T20627,2024-06-03,C1133,32,Female,Ras Al Khaimah,Grocery,Staples,12.22,1,9.91,True,Silver,True,9,0
T20628,2024-01-16,C1345,39,Male,Dubai,Home,Kitchen,62.45,1,57.27,True,Silver,True,62,0
T20629,2024-10-06,C1295,54,Male,Dubai,Clothing,Women,5.97,1,5.97,True,Silver,False,5,0
T20630,2024-11-27,C1163,54,Male,Umm Al Quwain,Electronics,Mobile,857.1,3,2571.3,True,Silver,False,2068,0
T20631,2024-03-13,C1300,16,Male,Dubai,Grocery,Staples,51.46,1,44.47,True,Silver,True,42,0
T20632,2024-02-13,C1281,46,Female,Umm Al Quwain,Clothing,Women,13.66,2,27.32,False,,False,0,0
T20633,2024-04-17,C1002,32,Male,Abu Dhabi,Electronics,Mobile,115.74,1,94.23,True,Silver,True,107,0
T20634,2024-04-04,C1347,29,Male,Sharjah,Clothing,Men,31.66,2,63.32,False,,False,0,0
T20635,2024-11-11,C1266,43,Female,Ajman,Clothing,Women,132.12,1,132.12,False,,False,0,0
T20636,2024-04-09,C1041,34,Male,Fujairah,Grocery,Staples,41.99,1,34.85,True,Platinum,True,59,0
T20637,2024-10-08,C1190,32,Female,Ras Al Khaimah,Home,Kitchen,122.71,2,245.42,False,,False,0,0
T20638,2024-11-26,C1000,40,Female,Dubai,Beauty,Cosmetics,33.71,5,143.14,True,Silver,True,128,0
T20639,2024-10-24,C1131,31,Female,Umm Al Quwain,Home,Kitchen,185.55,1,185.55,False,,False,0,0
T20640,2024-06-18,C1095,40,Female,Sharjah,Electronics,Mobile,940.28,1,800.82,True,Silver,True,672,0
T20641,2024-04-09,C1292,28,Male,Fujairah,Electronics,Mobile,890.85,1,890.85,True,Gold,False,995,0
T20642,2024-12-21,C1110,22,Male,Umm Al Quwain,Grocery,Beverages,9.28,2,18.56,True,Platinum,False,26,0
T20643,2024-08-07,C1273,34,Male,Abu Dhabi,Grocery,Beverages,4.79,2,8.75,True,Gold,True,9,0
T20644,2024-08-11,C1075,23,Male,Dubai,Clothing,Women,183.58,1,183.58,True,Gold,False,188,0
T20645,2024-09-02,C1215,32,Female,Umm Al Quwain,Home,Kitchen,78.65,1,78.65,True,Gold,False,104,0
T20646,2024-02-25,C1025,33,Female,Ras Al Khaimah,Grocery,Beverages,3.59,1,3.59,False,,False,0,0
T20647,2024-11-26,C1187,34,Male,Ajman,Grocery,Staples,46.89,1,46.89,True,Silver,False,53,0
T20648,2024-10-02,C1226,36,Male,Dubai,Clothing,Men,55.65,2,111.3,False,,False,0,0
T20649,2024-05-14,C1226,36,Male,Dubai,Grocery,Staples,9.99,1,9.99,False,,False,0,0
